Internal_URLS,External_URLs
https://www.np.edu.sg/home,https://www.straitstimes.com/singapore/more-industry-involvement-in-ngee-ann-polytechnic-s-diploma-curriculum
https://www.np.edu.sg/schools-courses/full-time-courses,https://www9.np.edu.sg/corpcomm/vtour/
https://www.np.edu.sg/part-time-courses,https://tiktok.com/@ngeeannpoly
https://www.np.edu.sg/industry,https://www.instagram.com/ngeeannpoly/
https://www.np.edu.sg/contact-us,https://www.youtube.com/user/NgeeAnnPolytechnic
https://www.np.edu.sg/about-np/our-story,https://www.facebook.com/ngeeannpoly
https://www.np.edu.sg/about-np/our-story/our-milestones,https://sg.linkedin.com/school/ngee-ann-polytechnic/
https://www.np.edu.sg/about-np/our-story/our-smart-green-campus,https://t.me/ngeeannpoly
https://www.np.edu.sg/about-np/organisation,https://www.instagram.com/p/CeDByWyAaQa/
https://www.np.edu.sg/about-np/organisation/council-members,https://www.instagram.com/p/CgB13-IsBsK/
https://www.np.edu.sg/about-np/organisation/management,https://www.instagram.com/p/CZibPK0PRlI/
https://www.np.edu.sg/about-np/organisation/advisory-committee,https://www.instagram.com/p/CLrQP2SHKDB/
https://www.np.edu.sg/about-np/media,https://www.instagram.com/p/CWX3HZ4B_yl/
https://www.np.edu.sg/about-np/media/np-in-the-news,https://www.instagram.com/p/CSDs5cwFBs_/
https://www.np.edu.sg/about-np/media/media-releases,https://www.instagram.com/p/CbzdEYkla9h/
https://www.np.edu.sg/about-np/publications,https://www.instagram.com/p/CenuEm4Iv7n/
https://www.np.edu.sg/about-np/publications/annual-report,https://www.instagram.com/p/CiSCaPmsGZC/
https://www.np.edu.sg/about-np/publications/course-brochures,https://www.instagram.com/p/ChJ97fxlJHP/
https://www.np.edu.sg/about-np/np-news,mailto://asknp@np.edu.sg
https://www.np.edu.sg/about-np/careers,https://npweb2.np.edu.sg/np/cc/npal/announcement/
https://www.np.edu.sg/about-np/facilities,https://outlook.office365.com/
https://www.np.edu.sg/about-np/facilities/dialogue-in-the-dark-sg,https://www.cet.np.edu.sg/
https://www.np.edu.sg/about-np/facilities/eat,https://policies.google.com/privacy
https://www.np.edu.sg/about-np/facilities/play,https://policies.google.com/terms
https://www.np.edu.sg/about-np/facilities/learn,https://www.tech.gov.sg/report_vulnerability/
https://www.np.edu.sg/about-np/facilities/others,https://for.edu.sg/npecgbooking
https://www.np.edu.sg/about-np/contact,https://www.myskillsfuture.gov.sg/content/portal/en/assessment/landing.html
https://www.np.edu.sg/about-np/contact/tell-np,https://www.mycareersfuture.gov.sg/
https://www.np.edu.sg/about-np/contact/directions,mailto:// career_services@np.edu.sg
https://www.np.edu.sg/schools-courses/academic-schools,mailto://career_services@np.edu.sg
https://www.np.edu.sg/schools-courses/academic-schools/school-of-business-accountancy,https://www.resumewriter.sg/blog/how-to-write-a-cover-letter/
https://www.np.edu.sg/schools-courses/academic-schools/school-of-design-environment,https://www.glassdoor.com/blog/guide/how-to-write-a-cover-letter/
https://www.np.edu.sg/schools-courses/academic-schools/school-of-engineering,https://www.linkedin.com/learning/cv-success-master-class/your-cv-layout
https://www.np.edu.sg/schools-courses/academic-schools/school-of-film-media-studies,https://www.lynda.com/Business-Skills-tutorials/Welcome/429634/481012-4.html
https://www.np.edu.sg/schools-courses/academic-schools/school-of-health-sciences,https://www.thebalancecareers.com/how-to-write-a-resume-2063336
https://www.np.edu.sg/schools-courses/academic-schools/school-of-humanities-social-sciences,https://content.mycareersfuture.gov.sg/tag/resume/
https://www.np.edu.sg/schools-courses/academic-schools/school-of-infocomm-technology,https://www.resumewriter.sg/blog/resume-samples-templates-and-tips/
https://www.np.edu.sg/schools-courses/academic-schools/school-of-life-sciences-chemical-technology,https://www.youtube.com/playlist
https://www.np.edu.sg/schools-courses/academic-schools/school-of-interdisciplinary-studies,https://sites.google.com/view/interviewlikeapro/home
https://www.np.edu.sg/schools-courses/plp-minors,https://www.linkedin.com/learning/interview-master-class/prepare-for-success
https://www.np.edu.sg/schools-courses/plp-minors/minor-in-sustainability,https://content.mycareersfuture.gov.sg/tag/interview/
https://www.np.edu.sg/schools-courses/poly-foundation-programme,https://issuu.com/gtimediaasia/docs/how_to_get_hired_2022
https://www.np.edu.sg/schools-courses/lifelong-learning-@-ceta,https://content.mycareersfuture.gov.sg/category/job-search/
https://www.np.edu.sg/admissions-enrolment/guide-for-prospective-students,https://youthopia.sg/resources/gradgowhere/
https://www.np.edu.sg/admissions-enrolment/guide-for-prospective-students/o-level-students,https://www.myskillsfuture.gov.sg/
https://www.np.edu.sg/admissions-enrolment/guide-for-prospective-students/n(a)-students,https://www.wsg.gov.sg/programmes-and-initiatives/wsg-career-starter-pack-individuals.html
https://www.np.edu.sg/admissions-enrolment/guide-for-prospective-students/a-level-students,https://np-sg.libguides.com/linkedin-learning
https://www.np.edu.sg/admissions-enrolment/guide-for-prospective-students/ite-students,NULL
https://www.np.edu.sg/admissions-enrolment/guide-for-prospective-students/former-polytechnic-student,NULL
https://www.np.edu.sg/admissions-enrolment/guide-for-prospective-students/ip-students,NULL
https://www.np.edu.sg/admissions-enrolment/guide-for-prospective-students/enrolled-nurses-(cbsen),NULL
https://www.np.edu.sg/admissions-enrolment/guide-for-prospective-students/international-qualification-holder,NULL
https://www.np.edu.sg/admissions-enrolment/guide-for-prospective-students/working-adults-with-relevant-experience,NULL
https://www.np.edu.sg/admissions-enrolment/guide-for-prospective-students/part-time-ite-wsq,NULL
https://www.np.edu.sg/admissions-enrolment/guide-for-prospective-students/assessment,NULL
https://www.np.edu.sg/admissions-enrolment/guide-for-prospective-students/academic-calendar,NULL
https://www.np.edu.sg/admissions-enrolment/guide-for-prospective-students/course-fees,NULL
https://www.np.edu.sg/admissions-enrolment/guide-for-prospective-students/elr2b2,NULL
https://www.np.edu.sg/admissions-enrolment/guide-for-prospective-students/pfp-agg-range,NULL
https://www.np.edu.sg/admissions-enrolment/enrolment,NULL
https://www.np.edu.sg/admissions-enrolment/enrolment/enrolment-guide,NULL
https://www.np.edu.sg/admissions-enrolment/enrolment/status,NULL
https://www.np.edu.sg/admissions-enrolment/enrolment/singpass-registration,NULL
https://www.np.edu.sg/admissions-enrolment/enrolment/student's-pass-application,NULL
https://www.np.edu.sg/admissions-enrolment/enrolment/ez-link-card-application,NULL
https://www.np.edu.sg/admissions-enrolment/enrolment/faqs,NULL
https://www.np.edu.sg/admissions-enrolment/enrolment/notebook-purchase,NULL
https://www.np.edu.sg/admissions-enrolment/enrolment/login-to-my-enrolment,NULL
https://www.np.edu.sg/admissions-enrolment/enrolment/scholarships-awards,NULL
https://www.np.edu.sg/admissions-enrolment/enrolment/tuition-grant,NULL
https://www.np.edu.sg/admissions-enrolment/enrolment/freshmen-orientation,NULL
https://www.np.edu.sg/admissions-enrolment/financial-matters,NULL
https://www.np.edu.sg/admissions-enrolment/financial-matters/financial-aid,NULL
https://www.np.edu.sg/admissions-enrolment/financial-matters/course-fees,NULL
https://www.np.edu.sg/student-life,NULL
https://www.np.edu.sg/student-life/clubs-societies,NULL
https://www.np.edu.sg/student-life/clubs-societies/np-ambassadors,NULL
https://www.np.edu.sg/student-life/clubs-societies/arts-cultural,NULL
https://www.np.edu.sg/student-life/clubs-societies/sports,NULL
https://www.np.edu.sg/student-life/clubs-societies/community-service,NULL
https://www.np.edu.sg/student-life/clubs-societies/special-interest,NULL
https://www.np.edu.sg/student-life/freshmen-experience,NULL
https://www.np.edu.sg/student-life/scholarships-awards,NULL
https://www.np.edu.sg/student-life/talent-development,NULL
https://www.np.edu.sg/student-life/talent-development/our-trailblazers,NULL
https://www.np.edu.sg/student-life/the-sandbox-innovation-entrepreneurship,NULL
https://www.np.edu.sg/student-life/the-sandbox-innovation-entrepreneurship/agile,NULL
https://www.np.edu.sg/student-life/the-sandbox-innovation-entrepreneurship/global-entrepreneurial-internship-programme,NULL
https://www.np.edu.sg/student-life/the-sandbox-innovation-entrepreneurship/kickstart-fund,NULL
https://www.np.edu.sg/student-life/the-sandbox-innovation-entrepreneurship/makers'-academy,NULL
https://www.np.edu.sg/student-life/the-sandbox-innovation-entrepreneurship/polyfintech-100,NULL
https://www.np.edu.sg/student-life/the-sandbox-innovation-entrepreneurship/technology-management,NULL
https://www.np.edu.sg/student-life/overseas-exposure,NULL
https://www.np.edu.sg/student-life/service-learning,NULL
https://www.np.edu.sg/student-life/service-learning/service-learning-journey,NULL
https://www.np.edu.sg/student-life/service-learning/SL-stories,NULL
https://www.np.edu.sg/student-life/service-learning/SL-newsletters,NULL
https://www.np.edu.sg/student-life/service-learning/overseas-service-learning,NULL
https://www.np.edu.sg/student-life/service-learning/civic-internships,NULL
https://www.np.edu.sg/student-life/service-learning/social-leadership-pathway,NULL
https://www.np.edu.sg/student-life/service-learning/training-events,NULL
https://www.np.edu.sg/student-life/service-learning/partners,NULL
https://www.np.edu.sg/student-life/service-learning/dialogue-in-the-dark,NULL
https://www.np.edu.sg/student-life/building-an-inclusive-np-community,NULL
https://www.np.edu.sg/student-life/building-an-inclusive-np-community/code-of-conduct,NULL
https://www.np.edu.sg/student-services/internships,NULL
https://www.np.edu.sg/student-services/education-career-coaching,NULL
https://www.np.edu.sg/student-services/education-career-coaching/career-guidance,NULL
https://www.np.edu.sg/student-services/education-career-coaching/further-studies,NULL
https://www.np.edu.sg/student-services/student-services-visitor-centre,NULL
https://www.np.edu.sg/student-services/student-care-centre,NULL
https://www.np.edu.sg/student-services/student-care-centre/pastoral-care-support,NULL
https://www.np.edu.sg/student-services/student-care-centre/sen-support,NULL
https://www.np.edu.sg/student-services/student-care-centre/financial-aid,NULL
https://www.np.edu.sg/student-services/student-care-centre/np-care-culture,NULL
https://www.np.edu.sg/student-services/library,NULL
https://www.np.edu.sg/connect/teachers,NULL
https://www.np.edu.sg/connect/teachers/outreach-programmes,NULL
https://www.np.edu.sg/connect/teachers/aplm,NULL
https://www.np.edu.sg/connect/teachers/admissions-guide,NULL
https://www.np.edu.sg/connect/alumni,NULL
https://www.np.edu.sg/connect/alumni/build-my-business,NULL
https://www.np.edu.sg/connect/alumni/job-opportunities,NULL
https://www.np.edu.sg/connect/alumni/services,NULL
https://www.np.edu.sg/connect/alumni/np-alumni-services,NULL
https://www.np.edu.sg/connect/industry-partners,NULL
https://www.np.edu.sg/connect/industry-partners/internships-careers,NULL
https://www.np.edu.sg/connect/industry-partners/project-collaborations,NULL
https://www.np.edu.sg/connect/industry-partners/training-consultancy,NULL
https://www.np.edu.sg/connect/industry-partners/smexchange,NULL
https://www.np.edu.sg/connect/industry-partners/ewtcoi,NULL
https://www.np.edu.sg/connect/donors,NULL
https://www.np.edu.sg/connect/campus-tour,NULL
https://www.np.edu.sg/login/full-time-students,NULL
https://www.np.edu.sg/login/full-time-students/student-portal,NULL
https://www.np.edu.sg/login/full-time-students/politemall,NULL
https://www.np.edu.sg/login/full-time-students/npal,NULL
https://www.np.edu.sg/login/full-time-students/connect-mail,NULL
https://www.np.edu.sg/login/part-time-students,NULL
https://www.np.edu.sg/login/staff,NULL
https://www.np.edu.sg/login/parents,NULL
https://www.np.edu.sg/about-np/media/np-in-the-news/how-to-get-an-offer-from-a-polytechnic-before-sitting-the-o-levels,NULL
https://www.np.edu.sg/docs/default-source/np-articles/media-releases/media-release-np-pioneers-virtual-production-curriculum-and-launches-midea-playground.pdf,NULL
https://www.np.edu.sg/student-life/experience-your-xtraordinary,NULL
https://www.np.edu.sg/student-life/talent-development/success-stories,NULL
https://www.np.edu.sg/library,NULL
https://www.np.edu.sg/sitemap,NULL
https://www.np.edu.sg/terms-of-use,NULL
https://www.np.edu.sg/privacy-statement,NULL
https://www.np.edu.sg/,NULL
https://www.np.edu.sg/student-services,NULL
https://www.np.edu.sg/student-services/education-career-coaching/career-guidance/ecg-playbook,NULL
https://www.np.edu.sg/docs/default-source/student-services/education-career-coaching-(ecc)/career-guidance/ecg_playbook.pdf,NULL
https://www.np.edu.sg/library/about/membership,NULL
